{
  "miniprogramRoot": "miniprogram/",
  "cloudfunctionRoot": "cloudfunctions/",
  "setting": {
    "urlCheck": false,
    "es6": true,
    "enhance": true,
    "postcss": true,
    "preloadBackgroundData": false,
    "minified": true,
    "newFeature": true,
    "coverView": true,
    "nodeModules": false,
    "autoAudits": false,
    "showShadowRootInWxmlPanel": true,
    "scopeDataCheck": false,
    "uglifyFileName": false,
    "checkInvalidKey": true,
    "checkSiteMap": true,
    "uploadWithSourceMap": true,
    "compileHotReLoad": false,
    "useMultiFrameRuntime": true,
    "useApiHook": true,
    "useApiHostProcess": false,
    "babelSetting": {
      "ignore": [],
      "disablePlugins": [],
      "outputPath": ""
    },
    "enableEngineNative": false,
    "bundle": false,
    "useIsolateContext": true,
    "useCompilerModule": false,
    "userConfirmedUseCompilerModuleSwitch": false,
    "userConfirmedBundleSwitch": false,
    "packNpmManually": false,
    "packNpmRelationList": [],
    "minifyWXSS": true
  },
  "appid": "wxe9041187f2407643",
  "projectname": "%E5%95%86%E5%9F%8E%E9%A1%B9%E7%9B%AE",
  "libVersion": "2.8.1",
  "simulatorType": "wechat",
  "simulatorPluginLibVersion": {},
  "cloudfunctionTemplateRoot": "cloudfunctionTemplate",
  "condition": {
    "plugin": {
      "list": []
    },
    "game": {
      "list": []
    },
    "gamePlugin": {
      "list": []
    },
    "miniprogram": {
      "list": [
        {
          "id": -1,
          "name": "db guide",
          "pathName": "pages/databaseGuide/databaseGuide",
          "query": ""
        },
        {
          "id": -1,
          "name": "pages/me/me",
          "pathName": "pages/me/me",
          "query": "",
          "scene": null
        },
        {
          "id": -1,
          "name": "pages/classify/classify",
          "pathName": "pages/classify/classify",
          "query": "",
          "scene": null
        },
        {
          "id": -1,
          "name": "pages/shopping/shopping",
          "pathName": "pages/shopping/shopping",
          "query": "",
          "scene": null
        },
        {
          "id": -1,
          "name": "pages/product_list/product_list",
          "pathName": "pages/product_list/product_list",
          "query": "",
          "scene": null
        },
        {
          "id": -1,
          "name": "pages/recommend/recommend",
          "pathName": "pages/recommend/recommend",
          "query": "",
          "scene": null
        },
        {
          "id": -1,
          "name": "pages/product/product",
          "pathName": "pages/product/product",
          "query": "",
          "scene": null
        },
        {
          "id": -1,
          "name": "pages/address/address",
          "pathName": "pages/address/address",
          "query": "",
          "scene": null
        },
        {
          "id": -1,
          "name": "pages/address_detail/address_detail",
          "pathName": "pages/address_detail/address_detail",
          "query": "",
          "scene": null
        },
        {
          "id": -1,
          "name": "pages/myCollection/myCollection",
          "pathName": "pages/myCollection/myCollection",
          "query": "",
          "scene": null
        },
        {
          "id": -1,
          "name": "pages/myOrder/myOrder",
          "pathName": "pages/myOrder/myOrder",
          "query": "",
          "scene": null
        },
        {
          "id": -1,
          "name": "pages/shop_order/shop_order",
          "pathName": "pages/shop_order/shop_order",
          "query": "",
          "scene": null
        },
        {
          "id": -1,
          "name": "pages/test/test",
          "pathName": "pages/test/test",
          "query": "",
          "scene": null
        },
        {
          "name": "pages/addProduct/addProduct",
          "pathName": "pages/addProduct/addProduct",
          "query": "",
          "scene": null
        },
        {
          "name": "pages/manageProduct/manageProduct",
          "pathName": "pages/manageProduct/manageProduct",
          "scene": null
        }
      ]
    }
  }
}